{"cameraMode":{"drawMode":0,"name":"Shaded","section":"Shading Mode"},"sceneLighting":true,"audioPlay":false,"sceneViewState":{"m_AlwaysRefresh":false,"showFog":true,"showSkybox":true,"showFlares":true,"showImageEffects":true,"showParticleSystems":true,"showVisualEffectGraphs":true,"m_FxEnabled":true},"in2DMode":false,"pivot":{"x":-17.921987533569337,"y":38.88421630859375,"z":-29.676368713378908},"rotation":{"x":-0.05430416762828827,"y":0.011055679060518742,"z":0.0006440491997636855,"w":-0.9986642003059387},"size":0.14345982670783997,"orthographic":false}