{"cameraMode":{"drawMode":0,"name":"Shaded","section":"Shading Mode"},"sceneLighting":true,"audioPlay":false,"sceneViewState":{"m_AlwaysRefresh":true,"showFog":true,"showSkybox":true,"showFlares":true,"showImageEffects":true,"showParticleSystems":true,"showVisualEffectGraphs":true,"m_FxEnabled":true},"in2DMode":false,"pivot":{"x":-0.44805389642715456,"y":5.441204071044922,"z":258.4415588378906},"rotation":{"x":0.34548142552375796,"y":-0.01911044865846634,"z":0.0070514194667339329,"w":0.9382545351982117},"size":12.12435531616211,"orthographic":false}